,sheight,sroot
154,0.018044198,0.0000843
173,0.983372242,0.057946361
299,0.003640927,0.000444692
550,0.011762149,0.016451576
554,0.062886133,0.151591301
594,0.00000016,0.045724543
